{"cameraMode":{"drawMode":0,"name":"Shaded","section":"Shading Mode"},"sceneLighting":true,"audioPlay":false,"sceneViewState":{"m_AlwaysRefresh":false,"showFog":true,"showSkybox":true,"showFlares":true,"showImageEffects":true,"showParticleSystems":true,"showVisualEffectGraphs":true,"m_FxEnabled":true},"in2DMode":false,"pivot":{"x":267.6515808105469,"y":97.81273651123047,"z":210.173828125},"rotation":{"x":-0.02430777996778488,"y":0.0018547140061855317,"z":-0.00008052022894844413,"w":-0.9997455477714539},"size":368.33258056640627,"orthographic":false}