{"cameraMode":{"drawMode":0,"name":"Shaded","section":"Shading Mode"},"sceneLighting":true,"audioPlay":false,"sceneViewState":{"m_AlwaysRefresh":false,"showFog":true,"showSkybox":true,"showFlares":true,"showImageEffects":true,"showParticleSystems":true,"showVisualEffectGraphs":true,"m_FxEnabled":true},"in2DMode":false,"pivot":{"x":6.436527252197266,"y":-108.02855682373047,"z":254.64273071289063},"rotation":{"x":-0.20141136646270753,"y":-0.01430759858340025,"z":0.0031074986327439548,"w":-0.9794670939445496},"size":140.40460205078126,"orthographic":false}