{"cameraMode":{"drawMode":0,"name":"Shaded","section":"Shading Mode"},"sceneLighting":true,"audioPlay":false,"sceneViewState":{"m_AlwaysRefresh":false,"showFog":true,"showSkybox":true,"showFlares":true,"showImageEffects":true,"showParticleSystems":true,"showVisualEffectGraphs":true,"m_FxEnabled":true},"in2DMode":false,"pivot":{"x":-0.9475962519645691,"y":1.4033067226409913,"z":1.5731021165847779},"rotation":{"x":0.29857444763183596,"y":-0.026659829542040826,"z":0.008380931802093983,"w":0.9540199637413025},"size":0.23403459787368775,"orthographic":false}