{"cameraMode":{"drawMode":0,"name":"Shaded","section":"Shading Mode"},"sceneLighting":true,"audioPlay":false,"sceneViewState":{"m_AlwaysRefresh":false,"showFog":true,"showSkybox":true,"showFlares":true,"showImageEffects":true,"showParticleSystems":true,"showVisualEffectGraphs":true,"m_FxEnabled":true},"in2DMode":false,"pivot":{"x":-4.760469913482666,"y":-57.56002426147461,"z":144.71685791015626},"rotation":{"x":-0.20281867682933808,"y":0.029778165742754937,"z":-0.005915566813200712,"w":-0.9788159728050232},"size":83.17451477050781,"orthographic":false}