{"cameraMode":{"drawMode":0,"name":"Shaded","section":"Shading Mode"},"sceneLighting":true,"audioPlay":false,"sceneViewState":{"m_AlwaysRefresh":false,"showFog":true,"showSkybox":true,"showFlares":true,"showImageEffects":true,"showParticleSystems":true,"showVisualEffectGraphs":true,"m_FxEnabled":true},"in2DMode":false,"pivot":{"x":5.286515235900879,"y":6.073144912719727,"z":-12.663101196289063},"rotation":{"x":0.03887563571333885,"y":0.36183393001556399,"z":0.015028968453407288,"w":-0.9313476085662842},"size":2.0658633708953859,"orthographic":false}