{"cameraMode":{"drawMode":0,"name":"Shaded","section":"Shading Mode"},"sceneLighting":true,"audioPlay":false,"sceneViewState":{"m_AlwaysRefresh":false,"showFog":true,"showSkybox":true,"showFlares":true,"showImageEffects":true,"showParticleSystems":true,"showVisualEffectGraphs":true,"m_FxEnabled":true},"in2DMode":false,"pivot":{"x":-0.9137439727783203,"y":4.612155437469482,"z":14.806719779968262},"rotation":{"x":0.09959990531206131,"y":-0.4631001651287079,"z":0.05246417969465256,"w":0.8791519999504089},"size":8.431778907775879,"orthographic":false}