{"cameraMode":{"drawMode":0,"name":"Shaded","section":"Shading Mode"},"sceneLighting":true,"audioPlay":false,"sceneViewState":{"m_AlwaysRefresh":false,"showFog":true,"showSkybox":true,"showFlares":true,"showImageEffects":true,"showParticleSystems":true,"showVisualEffectGraphs":true,"m_FxEnabled":true},"in2DMode":false,"pivot":{"x":486.7887878417969,"y":258.5590515136719,"z":-263.23480224609377},"rotation":{"x":0.020682139322161676,"y":0.026088636368513109,"z":0.0005398453795351088,"w":-0.9994491338729858},"size":22.84587860107422,"orthographic":false}